,model,brand,price,sold_year,seller,km_driven,owner_type,fuel,gear,mileage,engine,power,torque,wheel_size,seats,_
0,2017Mahindra Scorpio S10 7 Seater,Mahindra,12.5 Lakh*,2017,Dealer,"1,10,000 kms",First Owner,Diesel,Manual,Mileage15.4 kmpl,Engine2179 CC,Max Power120 bhp,Torque280Nm@ 1800-2800rpm,Wheel SizeN/A,Seats7,
1,2017Mahindra Thar CRDe ABS,Mahindra,8.5 Lakh*,2017,Dealer,"20,000 kms",First Owner,Diesel,Manual,Mileage16.55 kmpl,Engine2498 CC,Max Power105 bhp,Torque247Nm@ 1800-2000rpm,Wheel SizeR16,Seats6,
2,2017Mahindra TUV 300 mHAWK100 T8,Mahindra,7.95 Lakh*,2017,Dealer,"59,749 kms",First Owner,Diesel,Manual,Mileage18.49 kmpl,Engine1493 CC,Max Power100 bhp,Torque240Nm@ 1600-2800rpm,Wheel SizeN/A,Seats7,
3,2018Mahindra Scorpio S3 9 Seater BSIV,Mahindra,9 Lakh*,2018,Dealer,"42,584 kms",First Owner,Diesel,Manual,Variant -  S3 9 Seater BSIV,Mileage15.4 kmpl,Engine2523 CC,Max Power75 bhp,Torque200Nm@ 1400-2200rpm,Wheel Size15,Seats7
4,2015Mahindra XUV500 W10 2WD,Mahindra,13 Lakh*,2015,Individual,"50,000 kms",First Owner,Diesel,Manual,Mileage16.0 kmpl,Engine2179 CC,Max Power140 bhp,Torque330Nm@ 1600-2800rpm,Wheel SizeN/A,Seats7,
5,2011Mahindra Xylo E4 BS IV,Mahindra,3.5 Lakh*,2011,Dealer,"50,000 kms",First Owner,Diesel,Manual,Mileage14.0 kmpl,Engine2498 CC,Max Power112 bhp,Torque260 Nm at 1800-2200 rpm,Wheel SizeN/A,Seats7,
6,2017Mahindra Bolero 2011-2019 DI 4WD BSIII,Mahindra,7.15 Lakh*,2017,Individual,"1,00,000 kms",First Owner,Diesel,Manual,Mileage13.6 kmpl,Engine2523 CC,Max Power63 bhp,Torque180Nm@ 1440-1500rpm,Wheel SizeN/A,Seats8,
7,2018Mahindra Bolero 2011-2019 Special Edition,Mahindra,8.61 Lakh*,2018,Individual,"13,000 kms",First Owner,Diesel,Manual,Mileage15.96 kmpl,Engine2523 CC,Max Power62.1 bhp,Torque195Nm@ 1400-2200rpm,Wheel Size15,Seats7,
8,2019Mahindra Bolero Power Plus SLE,Mahindra,7.98 Lakh*,2019,Individual,"15,000 kms",First Owner,Diesel,Manual,Variant -  SLE,Mileage16.5 kmpl,Engine1493 CC,Max Power70 bhp,Torque195Nm@ 1400-2200rpm,Wheel Size15,Seats7
9,2018Mahindra Bolero Power Plus ZLX,Mahindra,8.5 Lakh*,2018,Individual,"40,000 kms",First Owner,Diesel,Manual,Mileage16.5 kmpl,Engine1493 CC,Max Power70 bhp,Torque195Nm@ 1400-2200rpm,Wheel Size15,Seats7,
10,2014Mahindra Bolero 2011-2019 SLX,Mahindra,5.5 Lakh*,2014,Individual,"80,000 kms",First Owner,Diesel,Manual,Variant -  SLX,Mileage15.96 kmpl,Engine2523 CC,Max Power62.1 bhp,Torque195Nm@ 1400-2200rpm,Wheel Size15,Seats7
11,2016Mahindra TUV 300 mHAWK100 T8,Mahindra,7.25 Lakh*,2016,Individual,"30,000 kms",First Owner,Diesel,Manual,Mileage18.49 kmpl,Engine1493 CC,Max Power100 bhp,Torque240Nm@ 1600-2800rpm,Wheel SizeN/A,Seats7,
12,2013Mahindra Bolero 2011-2019 SLX 2WD BSIII,Mahindra,6 Lakh*,2013,Individual,"60,000 kms",First Owner,Diesel,Manual,Mileage15.96 kmpl,Engine2523 CC,Max Power62.1 bhp,Torque195Nm@ 1400-2200rpm,Wheel Size15,Seats7,
13,2013Mahindra XUV500 W8 2WD,Mahindra,6.5 Lakh*,2013,Individual,"1,20,000 kms",Third Owner,Diesel,Manual,Mileage15.1 kmpl,Engine2179 CC,Max Power140 bhp,Torque330Nm@ 1600-2800rpm,Wheel SizeN/A,Seats7,
14,2014Mahindra Scorpio 1.99 S8,Mahindra,9 Lakh*,2014,Individual,"1,60,000 kms",First Owner,Diesel,Manual,Mileage15.4 kmpl,Engine1997 CC,Max Power120 bhp,Torque280Nm@ 1800-2800rpm,Wheel SizeN/A,Seats7,
15,2016Mahindra Bolero SLX 2WD,Mahindra,3.1 Lakh*,2016,Individual,"90,000 kms",Second Owner,Diesel,Manual,Mileage13.6 kmpl,Engine2523 CC,Max Power63 bhp,Torque180 Nm at 1440-1500rpm,Wheel SizeN/A,Seats7,
16,2015Mahindra Xylo H4,Mahindra,3.75 Lakh*,2015,Individual,"90,000 kms",First Owner,Diesel,Manual,Mileage14.02 kmpl,Engine2179 CC,Max Power118.3 bhp,Torque280Nm@ 2400-2800rpm,Wheel Size15,Seats7,
17,2015Mahindra XUV500 W10 2WD,Mahindra,13 Lakh*,2015,Individual,"50,000 kms",First Owner,Diesel,Manual,Mileage16.0 kmpl,Engine2179 CC,Max Power140 bhp,Torque330Nm@ 1600-2800rpm,Wheel SizeN/A,Seats7,
18,2011Mahindra Bolero SLX 2WD,Mahindra,1.4 Lakh*,2011,Individual,"90,000 kms",Third Owner,Diesel,Manual,Mileage13.6 kmpl,Engine2523 CC,Max Power63 bhp,Torque180 Nm at 1440-1500rpm,Wheel SizeN/A,Seats7,
19,2017Mahindra TUV 300 T8,Mahindra,8.11 Lakh*,2017,Individual,"35,000 kms",First Owner,Diesel,Manual,Mileage18.49 kmpl,Engine1493 CC,Max Power100 bhp,Torque240Nm@ 1600-2800rpm,Wheel SizeN/A,Seats7,
20,2017Mahindra Thar CRDe,Mahindra,8.75 Lakh*,2017,Dealer,"26,200 kms",First Owner,Diesel,Manual,Mileage16.55 kmpl,Engine2498 CC,Max Power105 bhp,Torque247Nm@ 1800-2000rpm,Wheel Size16,Seats6,
21,2016Mahindra Bolero Power Plus ZLX,Mahindra,7.5 Lakh*,2016,Individual,"70,000 kms",First Owner,Diesel,Manual,Mileage16.5 kmpl,Engine1493 CC,Max Power70 bhp,Torque195Nm@ 1400-2200rpm,Wheel Size15,Seats7,
22,2013Mahindra Bolero 2011-2019 SLX 2WD BSIII,Mahindra,5.1 Lakh*,2013,Individual,"1,05,000 kms",Second Owner,Diesel,Manual,Mileage15.96 kmpl,Engine2523 CC,Max Power62.1 bhp,Torque195Nm@ 1400-2200rpm,Wheel Size15,Seats7,
23,2019Mahindra TUV 300 mHAWK100 T8 AMT,Mahindra,9.3 Lakh*,2019,Individual,"20,000 kms",First Owner,Diesel,Automatic,Mileage18.49 kmpl,Engine1493 CC,Max Power100 bhp,Torque240Nm@ 1600-2800rpm,Wheel SizeN/A,Seats7,
24,2012Mahindra XUV500 W8 2WD,Mahindra,7 Lakh*,2012,Individual,"1,71,000 kms",First Owner,Diesel,Manual,Mileage15.1 kmpl,Engine2179 CC,Max Power140 bhp,Torque330Nm@ 1600-2800rpm,Wheel SizeN/A,Seats7,
25,2013Mahindra XUV500 W8 4WD,Mahindra,5.5 Lakh*,2013,Individual,"1,20,000 kms",Second Owner,Diesel,Manual,Mileage15.1 kmpl,Engine2179 CC,Max Power140 bhp,Torque330Nm@ 1600-2800rpm,Wheel SizeN/A,Seats7,
26,2015Mahindra XUV500 W10 2WD,Mahindra,10.5 Lakh*,2015,Individual,"68,000 kms",Second Owner,Diesel,Manual,Mileage16.0 kmpl,Engine2179 CC,Max Power140 bhp,Torque330Nm@ 1600-2800rpm,Wheel SizeN/A,Seats7,
27,2008Mahindra Scorpio M2DI,Mahindra,3.5 Lakh*,2008,Individual,"70,000 kms",Second Owner,Diesel,Manual,Mileage13.5 kmpl,Engine2179 CC,Max Power115 bhp,Torque277.5Nm@ 1700-2200rpm,Wheel SizeN/A,Seats5,
28,2018Mahindra XUV500 ,Mahindra,13.25 Lakh*,2018,Dealer,"55,000 kms",First Owner,Diesel,Manual,Variant - ,Mileage0.0 kmpl,Engine2198 CC,Max Power140 bhp,Torque330Nm@ 1600-2800rpm,,
29,2008Mahindra Scorpio VLS 2.2 mHawk,Mahindra,2.85 Lakh*,2008,Individual,"1,20,000 kms",Second Owner,Diesel,Manual,Mileage12.05 kmpl,Engine2179 CC,Max Power120 bhp,Torque290Nm@ 1800-2800rpm,Wheel SizeN/A,Seats7,
30,2013Mahindra Bolero 2011-2019 ZLX BSIII,Mahindra,4.7 Lakh*,2013,Individual,"1,20,000 kms",Second Owner,Diesel,Manual,Mileage15.96 kmpl,Engine2523 CC,Max Power62.1 bhp,Torque195Nm@ 1400-2200rpm,Wheel Size15,Seats7,
31,2012Mahindra Bolero 2011-2019 DI 4WD NON AC,Mahindra,5.2 Lakh*,2012,Individual,"80,000 kms",First Owner,Diesel,Manual,Mileage13.6 kmpl,Engine2523 CC,Max Power63 bhp,Torque180Nm@ 1440-1500rpm,Wheel SizeN/A,Seats8,
32,2007Mahindra Bolero DI DX 7 Seater,Mahindra,2.45 Lakh*,2007,Individual,"1,70,000 kms",Third Owner,Diesel,Manual,Mileage13.6 kmpl,Engine2523 CC,Max Power63 bhp,Torque180 Nm at 1440-1500rpm,Wheel SizeN/A,Seats7,
33,2012Mahindra Scorpio VLX 2WD AIRBAG BSIV,Mahindra,6.5 Lakh*,2012,Individual,"1,40,000 kms",Third Owner,Diesel,Manual,Mileage12.05 kmpl,Engine2179 CC,Max Power120 bhp,Torque290Nm@ 1800-2800rpm,Wheel SizeN/A,Seats8,
34,2006Mahindra Scorpio 2.6 CRDe,Mahindra,2.7 Lakh*,2006,Individual,"1,20,000 kms",Fourth & Above Owner,Diesel,Manual,Variant -  2.6 CRDe,Mileage10.5 kmpl,Engine2179 CC,Max Power120 bhp,Torque290Nm@ 1800-2800rpm,Wheel SizeN/A,Seats8
35,2014Mahindra Scorpio VLX 4WD AIRBAG AT BSIV,Mahindra,6.5 Lakh*,2014,Individual,"1,20,000 kms",First Owner,Diesel,Automatic,Mileage11.79 kmpl,Engine2179 CC,Max Power120 bhp,Torque290Nm@ 1800-2800rpm,Wheel SizeN/A,Seats8,
36,2015Mahindra Bolero Power Plus Plus Non AC BSIV PS,Mahindra,6 Lakh*,2015,Individual,"60,000 kms",Second Owner,Diesel,Manual,Mileage15.96 kmpl,Engine2523 CC,Max Power63 bhp,Torque180Nm@ 1440-1500rpm,Wheel Size16,Seats9,
37,2013Mahindra Scorpio M2DI,Mahindra,4.9 Lakh*,2013,Individual,"1,20,000 kms",Second Owner,Diesel,Manual,Mileage13.5 kmpl,Engine2179 CC,Max Power115 bhp,Torque277.5Nm@ 1700-2200rpm,Wheel SizeN/A,Seats5,
38,2007Mahindra Bolero SLE,Mahindra,2.4 Lakh*,2007,Individual,"1,20,000 kms",First Owner,Diesel,Manual,Mileage13.6 kmpl,Engine2523 CC,Max Power63 bhp,Torque180 Nm at 1440-1500rpm,Wheel SizeN/A,Seats7,
39,2012Mahindra Scorpio SLE BSIV,Mahindra,5 Lakh*,2012,Individual,"1,20,000 kms",First Owner,Diesel,Manual,Variant -  SLE BSIV,Mileage12.05 kmpl,Engine2179 CC,Max Power120 bhp,Torque290Nm@ 1800-2800rpm,Wheel SizeN/A,Seats8
40,2010Mahindra Verito 1.5 D2 BSIV,Mahindra,2.25 Lakh*,2010,Individual,"1,20,000 kms",Second Owner,Diesel,Manual,Mileage21.0 kmpl,Engine1461 CC,Max Power64.1 bhp,Torque160Nm@ 2000rpm,Wheel SizeN/A,Seats5,
41,2005Mahindra Bolero DI DX 8 Seater,Mahindra,2 Lakh*,2005,Individual,"1,20,000 kms",Second Owner,Diesel,Manual,Mileage13.6 kmpl,Engine2523 CC,Max Power63 bhp,Torque180 Nm at 1440-1500rpm,Wheel SizeN/A,Seats8,
42,2008Mahindra Scorpio SLX 2.6 Turbo 7 Str,Mahindra,2.65 Lakh*,2008,Individual,"1,20,000 kms",Third Owner,Diesel,Manual,Variant -  SLX 2.6 Turbo 7 Str,Mileage10.5 kmpl,Engine2609 CC,Max Power120 bhp,Torque290Nm@ 1800-2800rpm,Wheel SizeN/A,Seats7
43,2008Mahindra Scorpio VLS 2.2 mHawk,Mahindra,3.5 Lakh*,2008,Individual,"90,000 kms",Third Owner,Diesel,Manual,Mileage12.05 kmpl,Engine2179 CC,Max Power120 bhp,Torque290Nm@ 1800-2800rpm,Wheel SizeN/A,Seats7,
44,2014Mahindra Scorpio 1.99 S6 Plus,Mahindra,6.9 Lakh*,2014,Individual,"82,000 kms",Second Owner,Diesel,Manual,Mileage15.4 kmpl,Engine1997 CC,Max Power120 bhp,Torque280Nm@ 1800-2800rpm,Wheel Size17,Seats7,
45,2017Tata Hexa XT 4X4,Tata,12.5 Lakh*,2017,Dealer,"37,482 kms",First Owner,Diesel,Manual,Mileage17.6 kmpl,Engine2179 CC,Max Power153.86 bhp,Torque400Nm@ 1750-2500rpm,Wheel SizeN/A,Seats7,
46,2017Tata Tiago 1.05 Revotorq XE Option,Tata,3.8 Lakh*,2017,Dealer,"45,000 kms",First Owner,Diesel,Manual,Mileage27.28 kmpl,Engine1047 CC,Max Power69 bhp,Torque140Nm@ 1800-3000rpm,Wheel Size13,Seats5,
47,2018Tata Bolt Quadrajet XE,Tata,4.9 Lakh*,2018,Dealer,"59,727 kms",First Owner,Diesel,Manual,Mileage22.95 kmpl,Engine1248 CC,Max Power74 bhp,Torque190Nm@ 1750-3000rpm,Wheel Size14,Seats5,
48,2018Tata Tigor 1.2 Revotron XZ Option,Tata,5 Lakh*,2018,Individual,"25,000 kms",First Owner,Petrol,Manual,Mileage20.3 kmpl,Engine1199 CC,Max Power84 bhp,Torque114Nm@ 3500rpm,Wheel SizeN/A,Seats5,
49,2018Tata Nexon 1.5 Revotorq XZ Plus,Tata,9.5 Lakh*,2018,Individual,"25,000 kms",First Owner,Diesel,Manual,Variant -  1.5 Revotorq XZ Plus,Mileage21.5 kmpl,Engine1497 CC,Max Power108.5 bhp,Torque260Nm@ 1500-2750rpm,Wheel SizeN/A,Seats5
50,2009Tata Indigo LX,Tata,1.1 Lakh*,2009,Individual,"40,000 kms",First Owner,Diesel,Manual,Variant -  LX,Mileage16.1 kmpl,Engine1405 CC,Max Power70 bhp,"Torque13.5@ 2,500(kgm@ rpm)",Wheel SizeN/A,Seats5
51,2010Tata Manza Aura Safire,Tata,1.1 Lakh*,2010,Individual,"40,000 kms",First Owner,Petrol,Manual,Mileage15.0 kmpl,Engine1368 CC,Max Power90 bhp,Torque116Nm@ 4750rpm,Wheel Size5.5J x 15,Seats5,
52,2018Tata Nexon 1.5 Revotorq XZA Plus DualTone,Tata,8.65 Lakh*,2018,Individual,"60,000 kms",First Owner,Diesel,Automatic,Mileage21.5 kmpl,Engine1497 CC,Max Power108.5 bhp,Torque260Nm@ 1500-2750rpm,Wheel SizeN/A,Seats5,
53,2009Tata Xenon XT EX 4X2,Tata,2.75 Lakh*,2009,Individual,"1,20,000 kms",First Owner,Diesel,Manual,Mileage13.49 kmpl,Engine2179 CC,Max Power138.03 bhp,Torque320Nm@ 1750-2700rpm,Wheel SizeN/A,Seats5,
54,2017Tata Tiago 1.05 Revotorq XT,Tata,4 Lakh*,2017,Individual,"50,000 kms",First Owner,Diesel,Manual,Mileage27.28 kmpl,Engine1047 CC,Max Power69 bhp,Torque140Nm@ 1800-3000rpm,Wheel Size14,Seats5,
55,2010Tata New Safari DICOR 2.2 VX 4x2,Tata,2.3 Lakh*,2010,Individual,"90,000 kms",Second Owner,Diesel,Manual,Mileage13.93 kmpl,Engine2179 CC,Max Power138 bhp,Torque320Nm@ 1700-2700rpm,Wheel Size16 x 6.5 J,Seats7,
56,2015Tata Safari Storme EX,Tata,6.95 Lakh*,2015,Individual,"60,000 kms",Third Owner,Diesel,Manual,Mileage14.0 kmpl,Engine2179 CC,Max Power138.1 bhp,Torque320Nm@ 1700-2700rpm,Wheel Size16,Seats7,
57,2018Tata Zest Quadrajet 1.3 75PS XMS,Tata,4.75 Lakh*,2018,Individual,"60,000 kms",First Owner,Diesel,Manual,Mileage22.95 kmpl,Engine1248 CC,Max Power74 bhp,Torque190Nm@ 1750-3000rpm,Wheel Size14,Seats5,
58,2015Tata Nano Twist XT,Tata,1 Lakh*,2015,Individual,"60,000 kms",First Owner,Petrol,Manual,Mileage25.4 kmpl,Engine624 CC,Max Power37.5 bhp,Torque51Nm@ 4000+/-500rpm,Wheel Size12,Seats4,
59,2015Tata Safari Storme EX,Tata,6.75 Lakh*,2015,Individual,"60,000 kms",Third Owner,Diesel,Manual,Mileage14.0 kmpl,Engine2179 CC,Max Power138.1 bhp,Torque320Nm@ 1700-2700rpm,Wheel Size16,Seats7,
60,2019Tata Nexon 1.2 Revotron XZ Plus,Tata,8.8 Lakh*,2019,Individual,"40,000 kms",First Owner,Petrol,Manual,Mileage17.0 kmpl,Engine1198 CC,Max Power108.5 bhp,Torque170Nm@ 1750-4000rpm,Wheel SizeN/A,Seats5,
61,2014Tata Indigo Classic Dicor,Tata,1.5 Lakh*,2014,Individual,"1,55,000 kms",Second Owner,Diesel,Manual,Mileage23.57 kmpl,Engine1396 CC,Max Power70 bhp,Torque140Nm@ 1800-3000rpm,Wheel SizeN/A,Seats5,
62,2013Tata New Safari DICOR 2.2 EX 4x2,Tata,4.85 Lakh*,2013,Dealer,"83,000 kms",First Owner,Diesel,Manual,Mileage11.57 kmpl,Engine2179 CC,Max Power138.1 bhp,Torque320Nm@ 1700-2700rpm,Wheel SizeN/A,Seats7,
63,2019Tata Nexon 1.2 Revotron XZ Plus,Tata,9 Lakh*,2019,Individual,"15,000 kms",First Owner,Petrol,Manual,Mileage17.0 kmpl,Engine1198 CC,Max Power108.5 bhp,Torque170Nm@ 1750-4000rpm,Wheel SizeN/A,Seats5,
64,2012Tata Indica Vista Quadrajet LS,Tata,1.2 Lakh*,2012,Individual,"1,20,000 kms",First Owner,Diesel,Manual,Mileage22.3 kmpl,Engine1248 CC,Max Power74 bhp,Torque190Nm@ 1750-3000rpm,Wheel SizeN/A,Seats5,
65,2009Tata New Safari DICOR 2.2 EX 4x2,Tata,1.65 Lakh*,2009,Individual,"70,000 kms",Second Owner,Diesel,Manual,Mileage11.57 kmpl,Engine2179 CC,Max Power138.1 bhp,Torque320Nm@ 1700-2700rpm,Wheel SizeN/A,Seats7,
66,2017Tata Zest Quadrajet 1.3 75PS XM,Tata,5.5 Lakh*,2017,Individual,"60,000 kms",First Owner,Diesel,Manual,Mileage22.95 kmpl,Engine1248 CC,Max Power74 bhp,Torque190Nm@ 1750-3000rpm,Wheel Size14,Seats5,
67,2011Tata Safari DICOR 2.2 EX 4x2,Tata,4.95 Lakh*,2011,Dealer,"52,890 kms",Second Owner,Diesel,Manual,Mileage13.93 kmpl,Engine2179 CC,Max Power138.03 bhp,Torque320Nm@ 1700-2700rpm,Wheel Size16,Seats7,
68,2017Tata Tiago 1.2 Revotron XZ,Tata,4.75 Lakh*,2017,Individual,"1,00,000 kms",First Owner,Petrol,Manual,Mileage23.84 kmpl,Engine1199 CC,Max Power84 bhp,Torque114Nm@ 3500rpm,Wheel SizeN/A,Seats5,
69,2010Tata Nano Cx,Tata,"60,000*",2010,Individual,"40,000 kms",First Owner,Petrol,Manual,Mileage26.0 kmpl,Engine624 CC,Max Power35 bhp,Torque48Nm@ 3000rpm,Wheel SizeN/A,Seats4,
70,2016Tata Safari Storme EX,Tata,7.5 Lakh*,2016,Individual,"75,000 kms",Second Owner,Diesel,Manual,Mileage14.1 kmpl,Engine2179 CC,Max Power147.94 bhp,Torque320Nm@ 1500-3000rpm,Wheel Size16,Seats7,
71,2006Tata Indigo LX,Tata,"80,000*",2006,Individual,"1,10,000 kms",First Owner,Diesel,Manual,Mileage16.1 kmpl,Engine1405 CC,Max Power70 bhp,"Torque13.5@ 2,500(kgm@ rpm)",Wheel SizeN/A,Seats5,
72,2010Tata Manza Aura Quadrajet,Tata,2.3 Lakh*,2010,Individual,"51,000 kms",First Owner,Diesel,Manual,Mileage18.8 kmpl,Engine1248 CC,Max Power90 bhp,Torque200Nm@ 1750-3000rpm,Wheel Size5.5J x 15,Seats5,
73,2012Tata Indica Vista Quadrajet LX,Tata,2 Lakh*,2012,Individual,"1,10,000 kms",First Owner,Diesel,Manual,Mileage22.3 kmpl,Engine1248 CC,Max Power74 bhp,Torque190Nm@ 1750-3000rpm,Wheel SizeN/A,Seats5,
74,2016Tata Safari Storme EX,Tata,7.5 Lakh*,2016,Individual,"1,20,000 kms",Second Owner,Diesel,Manual,Mileage14.1 kmpl,Engine2179 CC,Max Power147.94 bhp,Torque320Nm@ 1500-3000rpm,Wheel Size16,Seats7,
75,2015Tata Safari Storme EX,Tata,6.95 Lakh*,2015,Individual,"60,000 kms",Second Owner,Diesel,Manual,Mileage14.0 kmpl,Engine2179 CC,Max Power138.1 bhp,Torque320Nm@ 1700-2700rpm,Wheel Size16,Seats7,
76,2011Tata Manza Aura (ABS) Quadrajet BS IV,Tata,2.25 Lakh*,2011,Individual,"70,000 kms",First Owner,Diesel,Manual,Mileage21.12 kmpl,Engine1248 CC,Max Power88.8 bhp,Torque200Nm@ 1750-3000rpm,Wheel Size5.5J x 15,Seats5,
77,2018Tata Tigor 1.05 Revotorq XZ,Tata,5.8 Lakh*,2018,Individual,"50,000 kms",First Owner,Diesel,Manual,Mileage24.7 kmpl,Engine1047 CC,Max Power69 bhp,Torque140Nm@ 1800-3000rpm,Wheel SizeN/A,Seats5,
78,2017Tata Zest Quadrajet 1.3 75PS XM,Tata,4 Lakh*,2017,Individual,"80,000 kms",Second Owner,Diesel,Manual,Mileage22.95 kmpl,Engine1248 CC,Max Power74 bhp,Torque190Nm@ 1750-3000rpm,Wheel Size14,Seats5,
79,2009Tata Indica Vista Aqua 1.3 Quadrajet,Tata,1 Lakh*,2009,Individual,"90,000 kms",Second Owner,Diesel,Manual,Mileage18.0 kmpl,Engine1248 CC,Max Power75 bhp,Torque190 Nm at 1750  rpm ,Wheel SizeN/A,Seats5,
80,2014Tata Indigo CS eVX,Tata,3 Lakh*,2014,Individual,"70,000 kms",First Owner,Diesel,Manual,Mileage25.0 kmpl,Engine1396 CC,Max Power69.01 bhp,Torque140Nm@ 1800-3000rpm,Wheel SizeN/A,Seats5,
81,2005Tata Indica DLE,Tata,"50,000*",2005,Individual,"1,20,000 kms",Second Owner,Diesel,Manual,Variant -  DLE,Mileage13.5 kmpl,Engine1405 CC,Max Powernull bhp,TorqueN/A,Wheel SizeN/A,Seats5
82,2010Tata Manza Aqua Quadrajet BS IV,Tata,1.6 Lakh*,2010,Individual,"75,500 kms",Second Owner,Diesel,Manual,Mileage21.12 kmpl,Engine1248 CC,Max Power88.8 bhp,Torque200Nm@ 1750-3000rpm,Wheel Size5.5J x 15,Seats5,
83,2012Toyota Etios Liva GD,Toyota,3.8 Lakh*,2012,Dealer,"80,000 kms",First Owner,Diesel,Manual,Variant -  GD,Mileage23.59 kmpl,Engine1364 CC,Max Powernull bhp,TorqueN/A,Wheel SizeN/A,Seats5
84,2015Toyota Etios GD,Toyota,5.25 Lakh*,2015,Dealer,"74,100 kms",First Owner,Diesel,Manual,Mileage23.59 kmpl,Engine1364 CC,Max Power67.04 bhp,Torque170Nm@ 1800-2400rpm,Wheel SizeN/A,Seats5,
85,2014Toyota Etios GD,Toyota,5.5 Lakh*,2014,Dealer,"55,000 kms",First Owner,Diesel,Manual,Variant -  GD,Mileage23.59 kmpl,Engine1364 CC,Max Power67.05 bhp,Torque170Nm@ 1800-2400rpm,Wheel Size14,Seats5
86,2015Toyota Innova 2.5 GX (Diesel) 7 Seater,Toyota,9.5 Lakh*,2015,Dealer,"1,16,575 kms",First Owner,Diesel,Manual,Mileage12.99 kmpl,Engine2494 CC,Max Power100.6 bhp,Torque200Nm@ 1200-3600rpm,Wheel Size15,Seats7,
87,2014Toyota Innova 2.5 VX (Diesel) 8 Seater,Toyota,10.5 Lakh*,2014,Dealer,"67,000 kms",First Owner,Diesel,Manual,Mileage12.99 kmpl,Engine2494 CC,Max Power100 bhp,Torque200Nm@ 1400-3400rpm,Wheel SizeN/A,Seats8,
88,2013Toyota Innova 2.5 Z Diesel 7 Seater,Toyota,9.25 Lakh*,2013,Dealer,"82,200 kms",First Owner,Diesel,Manual,Mileage12.99 kmpl,Engine2494 CC,Max Power100.6 bhp,Torque200Nm@ 1400-3400rpm,Wheel SizeN/A,Seats7,
89,2011Toyota Innova 2.5 VX 7 STR BSIV,Toyota,6.9 Lakh*,2011,Dealer,"92,360 kms",Second Owner,Diesel,Manual,Mileage12.8 kmpl,Engine2494 CC,Max Power102 bhp,Torque20.4@ 1400-3400(kgm@ rpm),Wheel SizeN/A,Seats7,
90,2012Toyota Innova 2.5 G (Diesel) 8 Seater,Toyota,6.9 Lakh*,2012,Dealer,"1,33,000 kms",First Owner,Diesel,Manual,Mileage12.99 kmpl,Engine2494 CC,Max Power100 bhp,Torque200Nm@ 1400-3400rpm,Wheel SizeN/A,Seats8,
91,2012Toyota Fortuner 4x4 MT,Toyota,13.5 Lakh*,2012,Dealer,"1,25,000 kms",First Owner,Diesel,Manual,Mileage12.55 kmpl,Engine2982 CC,Max Power168.5 bhp,Torque343Nm@ 1400-3400rpm,Wheel SizeN/A,Seats7,
92,2012Toyota Innova 2.5 G (Diesel) 7 Seater BS IV,Toyota,6.4 Lakh*,2012,Individual,"2,50,000 kms",Fourth & Above Owner,Diesel,Manual,Mileage12.99 kmpl,Engine2494 CC,Max Power100 bhp,Torque200Nm@ 1400-3400rpm,Wheel SizeN/A,Seats7,
93,2017Toyota Fortuner 2.8 2WD AT BSIV,Toyota,26.5 Lakh*,2017,Dealer,"1,14,252 kms",First Owner,Diesel,Automatic,Mileage12.9 kmpl,Engine2755 CC,Max Power174.5 bhp,Torque450Nm@ 1600-2400rpm,Wheel SizeN/A,Seats7,
94,2009Toyota Fortuner 4x4 MT,Toyota,10.5 Lakh*,2009,Dealer,"1,70,000 kms",Second Owner,Diesel,Manual,Mileage12.55 kmpl,Engine2982 CC,Max Power168.5 bhp,Torque343Nm@ 1400-3400rpm,Wheel SizeN/A,Seats7,
95,2012Toyota Platinum Etios 1.5 G,Toyota,3.35 Lakh*,2012,Dealer,"92,000 kms",First Owner,Petrol,Manual,Mileage16.78 kmpl,Engine1496 CC,Max Power88.73 bhp,Torque132Nm@ 3000rpm,Wheel Size14,Seats5,
96,2011Toyota Corolla Altis D-4D G,Toyota,4.9 Lakh*,2011,Dealer,"99,201 kms",First Owner,Diesel,Manual,Mileage21.43 kmpl,Engine1364 CC,Max Power87.2 bhp,Torque205Nm@ 1800-2800rpm,Wheel SizeN/A,Seats5,
97,2014Toyota Innova 2.5 G (Diesel) 7 Seater,Toyota,6.75 Lakh*,2014,Individual,"90,000 kms",Second Owner,Diesel,Manual,Mileage12.99 kmpl,Engine2494 CC,Max Power100.6 bhp,Torque200Nm@ 1200-3600rpm,Wheel Size15,Seats7,
98,2010Toyota Fortuner 3.0 Diesel,Toyota,11 Lakh*,2010,Individual,"1,10,000 kms",First Owner,Diesel,Manual,Mileage11.5 kmpl,Engine2982 CC,Max Power171 bhp,Torque343Nm@ 1400-3400rpm,Wheel SizeN/A,Seats7,
99,2015Toyota Etios Cross 1.2L G,Toyota,4.5 Lakh*,2015,Individual,"55,000 kms",First Owner,Petrol,Manual,Mileage18.16 kmpl,Engine1197 CC,Max Power78.8 bhp,Torque104Nm@ 3100rpm,Wheel SizeN/A,Seats5,
100,2014Toyota Innova 2.5 VX (Diesel) 8 Seater,Toyota,10 Lakh*,2014,Individual,"68,000 kms",First Owner,Diesel,Manual,Mileage12.99 kmpl,Engine2494 CC,Max Power100.6 bhp,Torque200Nm@ 1200-3600rpm,Wheel SizeN/A,Seats8,
101,2014Toyota Etios Liva 1.4 GD,Toyota,3.9 Lakh*,2014,Dealer,"55,000 kms",First Owner,Diesel,Manual,Variant -  1.4 GD,Mileage23.59 kmpl,Engine1364 CC,Max Power67.04 bhp,Torque170Nm@ 1800-2400rpm,Wheel Size14,Seats5
102,2008Toyota Innova 2.5 V Diesel 7-seater,Toyota,5.5 Lakh*,2008,Individual,"93,680 kms",First Owner,Diesel,Manual,Mileage12.8 kmpl,Engine2494 CC,Max Power102 bhp,Torque20.4@ 1400-3400(kgm@ rpm),Wheel SizeN/A,Seats7,
103,2005Toyota Corolla H2,Toyota,1.2 Lakh*,2005,Individual,"1,20,000 kms",First Owner,Petrol,Manual,Mileage13.4 kmpl,Engine1794 CC,Max Power125 bhp,"Torque16.1@ 4,200(kgm@ rpm)",Wheel SizeN/A,Seats5,
104,2014Toyota Etios GD SP,Toyota,4.5 Lakh*,2014,Individual,"1,70,000 kms",Second Owner,Diesel,Manual,Mileage23.59 kmpl,Engine1364 CC,Max Power67.04 bhp,Torque170Nm@ 1800-2400rpm,Wheel SizeN/A,Seats5,
105,2016Toyota Etios Cross 1.4 GD,Toyota,5.7 Lakh*,2016,Individual,"1,00,000 kms",First Owner,Diesel,Manual,Mileage23.59 kmpl,Engine1364 CC,Max Power67.04 bhp,Torque170Nm@ 1800-2400rpm,Wheel Size14,Seats5,
106,2018Toyota Yaris G,Toyota,9.5 Lakh*,2018,Individual,"35,000 kms",First Owner,Petrol,Manual,Variant -  G,Mileage17.1 kmpl,Engine1496 CC,Max Power105.5 bhp,Torque140Nm@ 4200rpm,Wheel SizeR15,Seats5
107,2012Toyota Fortuner 4x2 4 Speed AT,Toyota,13 Lakh*,2012,Individual,"1,70,000 kms",Second Owner,Diesel,Automatic,Mileage11.5 kmpl,Engine2982 CC,Max Power169 bhp,Torque343Nm@ 1400-3400rpm,Wheel SizeN/A,Seats7,
108,2014Toyota Innova 2.5 VX 7 STR,Toyota,9.25 Lakh*,2014,Dealer,"1,40,585 kms",First Owner,Diesel,Manual,Mileage12.8 kmpl,Engine2494 CC,Max Power102 bhp,Torque20.4@ 1400-3400(kgm@ rpm),Wheel SizeN/A,Seats7,
109,2009Toyota Innova 2.5 V Diesel 8-seater,Toyota,5.5 Lakh*,2009,Individual,"1,20,000 kms",Second Owner,Diesel,Manual,Mileage12.8 kmpl,Engine2494 CC,Max Power102 bhp,Torque20.4@ 1400-3400(kgm@ rpm),Wheel SizeN/A,Seats8,
110,2012Toyota Innova 2.5 G (Diesel) 7 Seater BS IV,Toyota,7.7 Lakh*,2012,Individual,"1,60,000 kms",Second Owner,Diesel,Manual,Mileage12.99 kmpl,Engine2494 CC,Max Power100 bhp,Torque200Nm@ 1400-3400rpm,Wheel SizeN/A,Seats7,
111,2013Toyota Fortuner 4x2 AT,Toyota,14.5 Lakh*,2013,Individual,"90,000 kms",Second Owner,Diesel,Automatic,Mileage12.55 kmpl,Engine2982 CC,Max Power168.5 bhp,Torque360Nm@ 1400-3200rpm,Wheel SizeN/A,Seats7,
112,2002Toyota Qualis GS C8,Toyota,1.2 Lakh*,2002,Individual,"151,000 kms",Second Owner,Diesel,Manual,Mileage0.0 kmpl,Engine2446 CC,Max Powernull bhp,TorqueN/A,Wheel SizeN/A,Seats9,
113,2015Toyota Etios Cross 1.2L G,Toyota,4.5 Lakh*,2015,Individual,"55,000 kms",First Owner,Petrol,Manual,Mileage18.16 kmpl,Engine1197 CC,Max Power78.8 bhp,Torque104Nm@ 3100rpm,Wheel SizeN/A,Seats5,
114,2009Skoda Octavia L and K 1.9 TDI (MT),Skoda,2.35 Lakh*,2009,Dealer,"85,000 kms",First Owner,Diesel,Manual,Mileage16.6 kmpl,Engine1896 CC,Max Power122.4 bhp,"Torque21.4@ 1,900(kgm@ rpm)",Wheel Size15 x 6J,Seats5,
115,2017Skoda Rapid 1.5 TDI Ambition Plus,Skoda,7.5 Lakh*,2017,Dealer,"85,500 kms",First Owner,Diesel,Manual,Mileage21.14 kmpl,Engine1498 CC,Max Power103.6 bhp,Torque250Nm@ 1500-2500rpm,Wheel Size6.0J X 15,Seats5,
116,2019Skoda Rapid 1.6 MPI Ambition BSIV,Skoda,8.2 Lakh*,2019,Individual,"10,000 kms",First Owner,Petrol,Manual,Mileage15.41 kmpl,Engine1598 CC,Max Power103.2 bhp,Torque153Nm@ 3750-3800rpm,Wheel SizeN/A,Seats5,
117,2006Skoda Octavia Classic 1.9 TDI MT,Skoda,2.3 Lakh*,2006,Individual,"1,08,700 kms",Third Owner,Diesel,Manual,Mileage18.7 kmpl,Engine1896 CC,Max Power66 bhp,Torque210 / 1900,Wheel Size15 x 6J ,Seats5,
118,2012Skoda Rapid 1.6 TDI Elegance,Skoda,3.9 Lakh*,2012,Individual,"1,30,000 kms",First Owner,Diesel,Manual,Mileage20.5 kmpl,Engine1598 CC,Max Power103.5 bhp,Torque250Nm@ 1500-2500rpm,Wheel Size6.0J X 15,Seats5,
119,2013Skoda Rapid 1.6 TDI Ambition Plus,Skoda,4 Lakh*,2013,Individual,"1,40,000 kms",First Owner,Diesel,Manual,Mileage20.5 kmpl,Engine1598 CC,Max Power103.5 bhp,Torque250Nm@ 1500-2500rpm,Wheel Size5.0J X 14,Seats5,
120,2015Skoda Rapid 1.5 TDI AT Elegance,Skoda,5.75 Lakh*,2015,Dealer,"90,000 kms",First Owner,Diesel,Automatic,Mileage21.66 kmpl,Engine1498 CC,Max Power103.52 bhp,Torque250Nm@ 1500-2500rpm,Wheel SizeN/A,Seats5,
121,2016Skoda Octavia Style Plus 2.0 TDI AT,Skoda,16.2 Lakh*,2016,Individual,"60,000 kms",Second Owner,Diesel,Automatic,Mileage19.3 kmpl,Engine1968 CC,Max Power141 bhp,Torque320Nm@ 1750-3000rpm,Wheel SizeN/A,Seats5,
122,2018Skoda Kodiaq 2.0 TDI Style,Skoda,25 Lakh*,2018,Individual,"83,853 kms",First Owner,Diesel,Automatic,Variant -  2.0 TDI Style,Mileage16.25 kmpl,Engine1968 CC,Max Power148 bhp,Torque340nm@ 1750-3000rpm,Wheel SizeN/A,Seats7
123,2012Skoda Rapid 1.5 TDI AT Elegance,Skoda,3.75 Lakh*,2012,Dealer,"70,000 kms",Second Owner,Diesel,Automatic,Mileage21.66 kmpl,Engine1498 CC,Max Power103.52 bhp,Torque250Nm@ 1500-2500rpm,Wheel SizeN/A,Seats5,
124,2013Skoda Laura Ambiente 2.0 TDI CR MT,Skoda,7 Lakh*,2013,Individual,"1,80,000 kms",First Owner,Diesel,Manual,Mileage20.0 kmpl,Engine1968 CC,Max Power108.5 bhp,Torque250Nm@ 1500-2500rpm,Wheel Size6.5J x 16,Seats5,
125,2013Skoda Fabia 1.2 TDI Ambition Plus,Skoda,3 Lakh*,2013,Individual,"1,00,000 kms",First Owner,Diesel,Manual,Mileage20.86 kmpl,Engine1199 CC,Max Power75 bhp,Torque180Nm@ 2000rpm,Wheel Size5.0J X 14,Seats5,
126,2014Skoda Octavia Elegance 2.0 TDI AT,Skoda,9.95 Lakh*,2014,Individual,"85,000 kms",First Owner,Diesel,Automatic,Mileage19.3 kmpl,Engine1968 CC,Max Power141 bhp,Torque320Nm@ 1750-3000rpm,Wheel SizeN/A,Seats5,
127,2018Maruti Ciaz 1.4 AT Alpha,Maruti,7.2 Lakh*,2018,Trustmark Dealer,"79,554 kms",First Owner,Petrol,Automatic,Variant -  1.4 AT Alpha,Mileage19.12 kmpl,Engine1373 CC,Max Power91.1 bhp,Torque130Nm@ 4000rpm,Wheel SizeN/A,Seats5
128,2015Maruti Eeco Smiles 5 Seater AC,Maruti,3.25 Lakh*,2015,Dealer,"29,000 kms",First Owner,Petrol,Manual,Mileage15.1 kmpl,Engine1196 CC,Max Power73 bhp,Torque101Nm@ 3000rpm,Wheel SizeN/A,Seats5,
129,2018Maruti SX4 S Cross 2015-2017 DDiS 200 Zeta,Maruti,8.75 Lakh*,2018,Dealer,"54,700 kms",First Owner,Diesel,Manual,Mileage23.65 kmpl,Engine1248 CC,Max Power88.5 bhp,Torque200Nm@ 1750rpm,Wheel SizeN/A,Seats5,
130,2019Maruti Ignis 1.2 AMT Zeta BSIV,Maruti,6.25 Lakh*,2019,Dealer,"8,000 kms",First Owner,Petrol,Automatic,Mileage20.89 kmpl,Engine1197 CC,Max Power81.80 bhp,Torque113Nm@ 4200rpm,Wheel SizeN/A,Seats5,
131,2017Maruti Swift Dzire VDi,Maruti,6.75 Lakh*,2017,Dealer,"42,000 kms",Second Owner,Diesel,Manual,Mileage19.3 kmpl,Engine1248 CC,Max Power73.9 bhp,Torque190Nm@ 2000rpm,Wheel SizeN/A,Seats5,
132,2017Maruti Wagon R AMT VXI Plus,Maruti,4.75 Lakh*,2017,Dealer,"41,600 kms",First Owner,Petrol,Automatic,Mileage20.51 kmpl,Engine998 CC,Max Power67 bhp,Torque90Nm@ 3500rpm,Wheel Size14,Seats5,
133,2016Maruti Swift ZXI,Maruti,5.75 Lakh*,2016,Dealer,"47,526 kms",First Owner,Petrol,Manual,Mileage21.21 kmpl,Engine1197 CC,Max Power81.80 bhp,Torque113Nm@ 4200rpm,Wheel SizeN/A,Seats5,
134,2014Maruti Ertiga VDI,Maruti,6.1 Lakh*,2014,Dealer,"68,000 kms",First Owner,Diesel,Manual,Mileage20.77 kmpl,Engine1248 CC,Max Power88.76 bhp,Torque200Nm@ 1750rpm,Wheel Size15,Seats7,
135,2016Maruti S-Cross 2017-2020 Zeta DDiS 200 SH,Maruti,7.25 Lakh*,2016,Dealer,"45,000 kms",First Owner,Diesel,Manual,Mileage25.1 kmpl,Engine1248 CC,Max Power88.5 bhp,Torque200Nm@ 1750rpm,Wheel SizeN/A,Seats5,
136,2014Maruti Alto 800 LXI,Maruti,2.4 Lakh*,2014,Dealer,"78,000 kms",First Owner,Petrol,Manual,Mileage22.05 kmpl,Engine796 CC,Max Power47.3 bhp,Torque69Nm@ 3500rpm,Wheel Size12,Seats5,
137,2016Maruti Baleno Delta Diesel,Maruti,5.85 Lakh*,2016,Dealer,"50,000 kms",First Owner,Diesel,Manual,Mileage27.39 kmpl,Engine1248 CC,Max Power74 bhp,Torque190Nm@ 2000rpm,Wheel SizeR15,Seats5,
138,2017Maruti Swift Dzire AMT ZDI Plus,Maruti,7.4 Lakh*,2017,Dealer,"39,619 kms",Second Owner,Diesel,Automatic,Mileage28.4 kmpl,Engine1248 CC,Max Power74.02 bhp,Torque190Nm@ 2000rpm,Wheel SizeN/A,Seats5,
139,2013Maruti Alto K10 VXI,Maruti,2.45 Lakh*,2013,Dealer,"49,000 kms",Second Owner,Petrol,Manual,Mileage23.95 kmpl,Engine998 CC,Max Power67.05 bhp,Torque90Nm@ 3500rpm,Wheel Size13,Seats5,
140,2018Maruti Alto K10 VXI Optional,Maruti,3.95 Lakh*,2018,Dealer,"25,532 kms",First Owner,Petrol,Manual,Mileage23.95 kmpl,Engine998 CC,Max Power67.05 bhp,Torque90Nm@ 3500rpm,Wheel Size13,Seats5,
141,2018Maruti Alto K10 VXI,Maruti,3.85 Lakh*,2018,Dealer,"28,000 kms",First Owner,Petrol,Manual,Mileage23.95 kmpl,Engine998 CC,Max Power67.05 bhp,Torque90Nm@ 3500rpm,Wheel Size13,Seats5,
142,2013Maruti Wagon R VXI,Maruti,2.89 Lakh*,2013,Dealer,"69,837 kms",First Owner,Petrol,Manual,Mileage21.79 kmpl,Engine998 CC,Max Power67.05 bhp,Torque90Nm@ 3500rpm,Wheel SizeR14,Seats5,
143,2015Maruti Swift Dzire LXI Optional-O,Maruti,4.95 Lakh*,2015,Dealer,"77,000 kms",First Owner,Petrol,Manual,Mileage20.85 kmpl,Engine1197 CC,Max Power83.14 bhp,Torque115Nm@ 4000rpm,Wheel Size14,Seats5,
144,2016Maruti Ertiga SHVS VDI,Maruti,7.95 Lakh*,2016,Dealer,"58,000 kms",First Owner,Diesel,Manual,Mileage24.52 kmpl,Engine1248 CC,Max Power88.5 bhp,Torque200Nm@ 1750rpm,Wheel Size15,Seats7,
145,2017Maruti Swift VXI,Maruti,5.25 Lakh*,2017,Dealer,"42,000 kms",First Owner,Petrol,Manual,Mileage21.21 kmpl,Engine1197 CC,Max Power81.80 bhp,Torque113Nm@ 4200rpm,Wheel SizeR14,Seats5,
146,2013Maruti Ritz LXi,Maruti,2.8 Lakh*,2013,Dealer,"48,000 kms",Second Owner,Petrol,Manual,Mileage18.5 kmpl,Engine1197 CC,Max Power85.80 bhp,Torque114Nm@ 4000rpm,Wheel Size14,Seats5,
147,2015Maruti S-Cross 2017-2020 Delta DDiS 200 SH,Maruti,5.25 Lakh*,2015,Dealer,"1,71,000 kms",Second Owner,Diesel,Manual,Mileage25.1 kmpl,Engine1248 CC,Max Power88.5 bhp,Torque200Nm@ 1750rpm,Wheel SizeR16,Seats5,
148,2018Maruti Ignis 1.2 Delta BSIV,Maruti,4.5 Lakh*,2018,Dealer,"34,000 kms",First Owner,Petrol,Manual,Mileage20.89 kmpl,Engine1197 CC,Max Power81.80 bhp,Torque113Nm@ 4200rpm,Wheel Size15,Seats5,
149,2017Maruti Ciaz 1.3 Delta,Maruti,7.15 Lakh*,2017,Dealer,"55,425 kms",First Owner,Diesel,Manual,Mileage28.09 kmpl,Engine1248 CC,Max Power88.5 bhp,Torque200Nm@ 1750rpm,Wheel Size15,Seats5,
150,2017Maruti Ciaz Delta Diesel,Maruti,7.6 Lakh*,2017,Dealer,"52,000 kms",First Owner,Diesel,Manual,Mileage28.09 kmpl,Engine1248 CC,Max Power88.50 bhp,Torque200Nm@ 1750rpm,Wheel SizeN/A,Seats5,
151,2010Maruti Wagon R LXI DUO BSIII,Maruti,1.9 Lakh*,2010,Dealer,"95,000 kms",First Owner,LPG,Manual,Mileage17.3 km/kg,Engine1061 CC,Max Power57.5 bhp,"Torque7.8@ 4,500(kgm@ rpm)",Wheel Size4J x 13,Seats5,
152,2010Maruti Wagon R LXI BS IV,Maruti,2.3 Lakh*,2010,Dealer,"67,000 kms",First Owner,Petrol,Manual,Mileage18.9 kmpl,Engine998 CC,Max Power67.1 bhp,Torque90Nm@ 3500rpm,Wheel SizeN/A,Seats5,
153,2016Maruti Vitara Brezza ZDi Plus,Maruti,8.25 Lakh*,2016,Dealer,"68,253 kms",First Owner,Diesel,Manual,Mileage24.3 kmpl,Engine1248 CC,Max Power88.5 bhp,Torque200Nm@ 1750rpm,Wheel SizeN/A,Seats5,
154,2010Maruti Alto LXI,Maruti,1.5 Lakh*,2010,Dealer,"77,000 kms",First Owner,Petrol,Manual,Mileage19.7 kmpl,Engine796 CC,Max Power46.3 bhp,Torque62Nm@ 3000rpm,Wheel SizeN/A,Seats5,
155,2015Maruti Swift Dzire VDI,Maruti,5.35 Lakh*,2015,Dealer,"1,19,000 kms",First Owner,Diesel,Manual,Variant -  VDI,Mileage28.4 kmpl,Engine1248 CC,Max Power74.02 bhp,Torque190Nm@ 2000rpm,Wheel Size14,Seats5
156,2015Maruti Swift VDI,Maruti,6.15 Lakh*,2015,Dealer,"62,000 kms",First Owner,Diesel,Manual,Mileage28.4 kmpl,Engine1248 CC,Max Power74 bhp,Torque190Nm@ 2000rpm,Wheel Size14,Seats5,
157,2009Maruti Alto LXi BSIII,Maruti,1.95 Lakh*,2009,Dealer,"46,700 kms",First Owner,Petrol,Manual,Mileage19.7 kmpl,Engine796 CC,Max Power46.3 bhp,Torque62Nm@ 3000rpm,Wheel SizeN/A,Seats5,
158,2010Maruti Swift Dzire VDi,Maruti,3.1 Lakh*,2010,Dealer,"82,000 kms",First Owner,Diesel,Manual,Mileage19.3 kmpl,Engine1248 CC,Max Power73.9 bhp,Torque190Nm@ 2000rpm,Wheel SizeN/A,Seats5,
159,2013Maruti Alto 800 LXI,Maruti,2.35 Lakh*,2013,Dealer,"69,000 kms",Second Owner,Petrol,Manual,Mileage24.7 kmpl,Engine796 CC,Max Power47.3 bhp,Torque69Nm@ 3500rpm,Wheel Size12,Seats5,
160,2010Maruti Swift Dzire Vdi BSIV,Maruti,3 Lakh*,2010,Dealer,"95,000 kms",Second Owner,Diesel,Manual,Mileage19.3 kmpl,Engine1248 CC,Max Power73.9 bhp,Torque190Nm@ 2000rpm,Wheel SizeN/A,Seats5,
161,2019Maruti Alto 800 VXI Optional,Maruti,3.9 Lakh*,2019,Dealer,"22,704 kms",First Owner,Petrol,Manual,Mileage24.7 kmpl,Engine796 CC,Max Power47.3 bhp,Torque69Nm@ 3500rpm,Wheel Size12,Seats5,
162,2012Maruti Eeco 7 Seater STD,Maruti,2.8 Lakh*,2012,Dealer,"17,700 kms",First Owner,Petrol,Manual,Mileage15.37 kmpl,Engine1196 CC,Max Power72.42 bhp,Torque98Nm@ 3000rpm,Wheel SizeR13,Seats7,
163,2005Maruti Esteem Vxi - BSII,Maruti,1.5 Lakh*,2005,Dealer,"60,000 kms",First Owner,Petrol,Manual,Variant -  Vxi - BSII,Mileage15.9 kmpl,Engine1298 CC,Max Powernull bhp,TorqueN/A,Wheel SizeN/A,Seats5
164,2011Maruti Wagon R VXI 1.2 BSIV,Maruti,2.65 Lakh*,2011,Dealer,"52,000 kms",First Owner,Petrol,Manual,Mileage21.5 kmpl,Engine1197 CC,Max Power81.80 bhp,Torque113Nm@ 4200rpm,Wheel Size14,Seats5,
165,2004Maruti Wagon R LX,Maruti,1.3 Lakh*,2004,Dealer,"57,000 kms",Second Owner,Petrol,Manual,Mileage18.9 kmpl,Engine998 CC,Max Power67.1 bhp,Torque90Nm@ 3500rpm,Wheel SizeN/A,Seats5,
166,2018Maruti Celerio ZXI,Maruti,4.85 Lakh*,2018,Dealer,"16,000 kms",First Owner,Petrol,Manual,Mileage21.63 kmpl,Engine998 CC,Max Power67.04 bhp,Torque90Nm@ 3500rpm,Wheel SizeR14,Seats5,
167,2017Maruti Ignis Alpha,Maruti,5.21 Lakh*,2017,Dealer,"44,000 kms",First Owner,Petrol,Manual,Mileage20.89 kmpl,Engine1197 CC,Max Power81.80 bhp,Torque113Nm@ 4200rpm,Wheel SizeN/A,Seats5,
168,2010Maruti Eeco 5 Seater AC,Maruti,2.4 Lakh*,2010,Dealer,"83,000 kms",First Owner,Petrol,Manual,Mileage16.11 kmpl,Engine1196 CC,Max Power72.42 bhp,Torque98Nm@ 3000rpm,Wheel SizeR13,Seats5,
169,2017Maruti Swift VDI BSIV,Maruti,6.5 Lakh*,2017,Dealer,"70,000 kms",First Owner,Diesel,Manual,Mileage25.2 kmpl,Engine1248 CC,Max Power74 bhp,Torque190Nm@ 2000rpm,Wheel Size14,Seats5,
170,2015Maruti Swift Dzire VDI,Maruti,5.68 Lakh*,2015,Dealer,"1,06,639 kms",Second Owner,Diesel,Manual,Mileage28.4 kmpl,Engine1248 CC,Max Power74.02 bhp,Torque190Nm@ 2000rpm,Wheel Size14,Seats5,
171,2015Maruti Celerio VXI AT,Maruti,3.85 Lakh*,2015,Trustmark Dealer,"11,814 kms",First Owner,Petrol,Automatic,Mileage23.1 kmpl,Engine998 CC,Max Power67.04 bhp,Torque90Nm@ 3500rpm,Wheel Size14,Seats5,
172,2016Maruti Baleno Zeta 1.2,Maruti,5.69 Lakh*,2016,Trustmark Dealer,"20,333 kms",Second Owner,Petrol,Manual,Mileage21.4 kmpl,Engine1197 CC,Max Power83.1 bhp,Torque115Nm@ 4000rpm,Wheel SizeN/A,Seats5,
173,2015Maruti Swift VDI BSIV,Maruti,5.31 Lakh*,2015,Trustmark Dealer,"31,898 kms",First Owner,Diesel,Manual,Mileage25.2 kmpl,Engine1248 CC,Max Power74 bhp,Torque190Nm@ 2000rpm,Wheel Size14,Seats5,
174,2014Maruti Alto K10 VXI,Maruti,2.65 Lakh*,2014,Trustmark Dealer,"20,006 kms",First Owner,Petrol,Manual,Mileage23.95 kmpl,Engine998 CC,Max Power67.05 bhp,Torque90Nm@ 3500rpm,Wheel Size13,Seats5,
175,2016Maruti Wagon R VXI,Maruti,3.45 Lakh*,2016,Trustmark Dealer,"56,796 kms",First Owner,Petrol,Manual,Mileage21.79 kmpl,Engine998 CC,Max Power67.05 bhp,Torque90Nm@ 3500rpm,Wheel SizeR14,Seats5,
176,2018Maruti Baleno Alpha Automatic,Maruti,7.5 Lakh*,2018,Dealer,"8,000 kms",First Owner,Petrol,Automatic,Mileage21.4 kmpl,Engine1197 CC,Max Power83.1 bhp,Torque115Nm@ 4000rpm,Wheel SizeN/A,Seats5,
177,2018Maruti Alto 800 LXI,Maruti,3.35 Lakh*,2018,Dealer,"28,000 kms",First Owner,Petrol,Manual,Mileage22.05 kmpl,Engine796 CC,Max Power47.3 bhp,Torque69Nm@ 3500rpm,Wheel Size12,Seats5,
178,2017Maruti Swift LXI,Maruti,4.85 Lakh*,2017,Dealer,"28,000 kms",First Owner,Petrol,Manual,Mileage21.21 kmpl,Engine1197 CC,Max Power81.80 bhp,Torque113Nm@ 4200rpm,Wheel SizeR14,Seats5,
179,2016Maruti Omni MPI STD BSIV,Maruti,2.3 Lakh*,2016,Individual,"15,000 kms",First Owner,Petrol,Manual,Mileage16.8 kmpl,Engine796 CC,Max Power34.2 bhp,Torque59Nm@ 2500rpm,Wheel Size12,Seats5,
180,2015Maruti Swift LXI Option,Maruti,4.4 Lakh*,2015,Dealer,"47,000 kms",First Owner,Petrol,Manual,Mileage20.4 kmpl,Engine1197 CC,Max Power81.80 bhp,Torque113Nm@ 4200rpm,Wheel Size14,Seats5,
181,2016Maruti Baleno Alpha 1.2,Maruti,6 Lakh*,2016,Individual,"25,000 kms",First Owner,Petrol,Manual,Mileage21.4 kmpl,Engine1197 CC,Max Power83.1 bhp,Torque115Nm@ 4000rpm,Wheel SizeN/A,Seats5,
182,2018Maruti Swift Dzire AMT ZXI,Maruti,7.5 Lakh*,2018,Individual,"10,000 kms",First Owner,Petrol,Automatic,Mileage21.21 kmpl,Engine1197 CC,Max Power81.80 bhp,Torque113Nm@ 4200rpm,Wheel SizeN/A,Seats5,
183,2019Maruti Baleno Delta 1.2,Maruti,5.91 Lakh*,2019,Individual,"23,545 kms",First Owner,Petrol,Manual,Mileage21.4 kmpl,Engine1197 CC,Max Power83.1 bhp,Torque115Nm@ 4000rpm,Wheel Size15,Seats5,
184,2015Maruti Baleno Delta 1.3,Maruti,5.35 Lakh*,2015,Dealer,"70,800 kms",First Owner,Diesel,Manual,Variant -  1.3 Delta,Mileage27.39 kmpl,Engine1248 CC,Max Power74 bhp,Torque190Nm@ 2000rpm,Wheel Size15,Seats5
185,2018Maruti Swift Dzire AMT ZXI Plus,Maruti,7.31 Lakh*,2018,Dealer,"16,000 kms",First Owner,Petrol,Automatic,Mileage21.21 kmpl,Engine1197 CC,Max Power81.80 bhp,Torque113Nm@ 4200rpm,Wheel SizeN/A,Seats5,
186,2017Maruti Alto K10 VXI Optional,Maruti,3.55 Lakh*,2017,Dealer,"11,000 kms",First Owner,Petrol,Manual,Mileage23.95 kmpl,Engine998 CC,Max Power67.05 bhp,Torque90Nm@ 3500rpm,Wheel Size13,Seats5,
187,2019Hyundai Elite i20 Petrol Era,hyundai,5.68 Lakh*,2019,Trustmark Dealer,"19,308 kms",Second Owner,Petrol,Manual,Mileage18.6 kmpl,Engine1197 CC,Max Power81.86 bhp,Torque114.73nm@ 4000rpm,Wheel Size14,Seats5,
188,2018Hyundai Grand i10 1.2 Kappa Magna BSIV,hyundai,4.75 Lakh*,2018,Trustmark Dealer,"18,077 kms",First Owner,Petrol,Manual,Mileage18.9 kmpl,Engine1197 CC,Max Power81.86 bhp,Torque113.75nm@ 4000rpm,Wheel Size14,Seats5,
189,2015Hyundai i20 1.2 Asta,hyundai,5.85 Lakh*,2015,Dealer,"17,300 kms",First Owner,Petrol,Manual,Mileage18.6 kmpl,Engine1197 CC,Max Power81.83 bhp,Torque114.7Nm@ 4000rpm,Wheel SizeN/A,Seats5,
190,2017Hyundai i20 2015-2017 Magna 1.2,hyundai,5.75 Lakh*,2017,Dealer,"34,922 kms",First Owner,Petrol,Manual,Mileage18.6 kmpl,Engine1197 CC,Max Power81.83 bhp,Torque114.7Nm@ 4000rpm,Wheel Size14,Seats5,
191,2014Hyundai Grand i10 Asta Option AT,hyundai,4.6 Lakh*,2014,Dealer,"53,128 kms",First Owner,Petrol,Automatic,Mileage18.9 kmpl,Engine1197 CC,Max Power82 bhp,Torque114Nm@ 4000rpm,Wheel SizeN/A,Seats5,
192,2016Hyundai EON Era Plus,hyundai,2.85 Lakh*,2016,Dealer,"42,000 kms",First Owner,Petrol,Manual,Mileage21.1 kmpl,Engine814 CC,Max Power55.2 bhp,Torque74.5Nm@ 4000rpm,Wheel Size12,Seats5,
193,2018Hyundai i20 1.2 Asta Dual Tone,hyundai,6.9 Lakh*,2018,Dealer,"39,897 kms",First Owner,Petrol,Manual,Mileage18.6 kmpl,Engine1197 CC,Max Power81.83 bhp,Torque114.7Nm@ 4000rpm,Wheel SizeN/A,Seats5,
194,2016Hyundai EON Era,hyundai,2.75 Lakh*,2016,Dealer,"65,000 kms",First Owner,Petrol,Manual,Mileage21.1 kmpl,Engine814 CC,Max Power55.2 bhp,Torque74.5Nm@ 4000rpm,Wheel SizeN/A,Seats5,
195,2014Hyundai Xcent 1.1 CRDi SX,hyundai,4.5 Lakh*,2014,Dealer,"68,000 kms",First Owner,Diesel,Manual,Mileage24.4 kmpl,Engine1120 CC,Max Power71 bhp,Torque180.4Nm@ 1750-2500rpm,Wheel SizeN/A,Seats5,
196,2015Hyundai i20 2015-2017 Asta 1.4 CRDi,hyundai,5.85 Lakh*,2015,Dealer,"75,000 kms",First Owner,Diesel,Manual,Mileage22.54 kmpl,Engine1396 CC,Max Power88.73 bhp,Torque219.7Nm@ 1500-2750rpm,Wheel SizeN/A,Seats5,
197,2017Hyundai Verna 1.6 CRDi SX,hyundai,8.5 Lakh*,2017,Dealer,"40,600 kms",First Owner,Diesel,Manual,Mileage23.9 kmpl,Engine1582 CC,Max Power126.2 bhp,Torque259.9Nm@ 1900-2750rpm,Wheel SizeN/A,Seats5,
198,2017Hyundai Verna 1.6 SX,hyundai,8.55 Lakh*,2017,Dealer,"39,000 kms",First Owner,Diesel,Manual,Mileage22.32 kmpl,Engine1582 CC,Max Power126.32 bhp,Torque259.8Nm@ 1900-2750rpm,Wheel SizeN/A,Seats5,
199,2017Hyundai i20 Active 1.2 SX,hyundai,6.1 Lakh*,2017,Dealer,"70,000 kms",First Owner,Petrol,Manual,Mileage17.19 kmpl,Engine1197 CC,Max Power81.86 bhp,Torque114.73Nm@ 4000rpm,Wheel SizeN/A,Seats5,
200,2018Hyundai Xcent 1.2 CRDi SX,hyundai,6.55 Lakh*,2018,Dealer,"40,000 kms",First Owner,Diesel,Manual,Mileage25.4 kmpl,Engine1186 CC,Max Power73.97 bhp,Torque190.25nm@ 1750-2250rpm,Wheel SizeN/A,Seats5,
201,2016Hyundai Creta 1.6 SX Option Diesel,hyundai,10.5 Lakh*,2016,Dealer,"64,690 kms",First Owner,Diesel,Manual,Mileage20.5 kmpl,Engine1582 CC,Max Power126.2 bhp,Torque259.87NM@ 1500-3000rpm,Wheel SizeN/A,Seats5,
202,2015Hyundai Grand i10 AT Asta,hyundai,4.65 Lakh*,2015,Dealer,"28,456 kms",First Owner,Petrol,Automatic,Mileage18.9 kmpl,Engine1197 CC,Max Power82 bhp,Torque114Nm@ 4000rpm,Wheel SizeN/A,Seats5,
203,2012Hyundai i10 LPG,hyundai,2.5 Lakh*,2012,Dealer,"61,256 kms",First Owner,LPG,Manual,Mileage19.0 km/kg,Engine1086 CC,Max Power68.1 bhp,Torque99.1Nm@ 4500rpm,Wheel SizeN/A,Seats5,
204,2019Hyundai Creta 1.6 SX Automatic Diesel,hyundai,15.75 Lakh*,2019,Dealer,"13,023 kms",First Owner,Diesel,Automatic,Mileage17.6 kmpl,Engine1582 CC,Max Power126.2 bhp,Torque259.87NM@ 1500-3000rpm,Wheel SizeN/A,Seats5,
205,2009Hyundai Santro GLS II - Euro II,hyundai,1.85 Lakh*,2009,Dealer,"50,000 kms",First Owner,Petrol,Manual,Mileage0.0 kmpl,Wheel SizeN/A,Seats5,,,,
206,2015Hyundai Verna 1.6 VTVT S Option,hyundai,6.25 Lakh*,2015,Dealer,"48,000 kms",Second Owner,Petrol,Manual,Mileage17.01 kmpl,Engine1591 CC,Max Power121.4 bhp,Torque154.9Nm@ 4200rpm,Wheel SizeN/A,Seats5,
207,2013Hyundai EON D Lite Plus,hyundai,1.6 Lakh*,2013,Dealer,"57,000 kms",Second Owner,Petrol,Manual,Mileage21.1 kmpl,Engine814 CC,Max Power55.2 bhp,Torque74.5Nm@ 4000rpm,Wheel Size12,Seats5,
208,2018Hyundai Elite i20 Petrol Sportz,hyundai,6.4 Lakh*,2018,Dealer,"60,413 kms",First Owner,Petrol,Manual,Mileage18.6 kmpl,Engine1197 CC,Max Power81.86 bhp,Torque114.73nm@ 4000rpm,Wheel Size14,Seats5,
209,2010Hyundai Getz 1.3 GLS,hyundai,1.6 Lakh*,2010,Dealer,"1,14,460 kms",Second Owner,Petrol,Manual,Mileage14.2 kmpl,Engine1341 CC,Max Power82.9 bhp,"Torque11.8@ 3,200(kgm@ rpm)",Wheel SizeN/A,Seats5,
210,2011Hyundai Santa Fe 2WD MT,hyundai,6 Lakh*,2011,Dealer,"1,80,000 kms",First Owner,Diesel,Manual,Mileage14.74 kmpl,Engine2199 CC,Max Power194.3 bhp,Torque420.7Nm@ 1800-2500rpm,Wheel SizeN/A,Seats7,
211,2011Hyundai Santa Fe 4X4,hyundai,7.5 Lakh*,2011,Dealer,"1,57,000 kms",First Owner,Diesel,Manual,Mileage14.66 kmpl,Engine2199 CC,Max Power194.3 bhp,Torque420.7Nm@ 1800-2500rpm,Wheel SizeN/A,Seats7,
212,2016Hyundai Verna 1.6 CRDi SX,hyundai,7.11 Lakh*,2016,Trustmark Dealer,"54,336 kms",First Owner,Diesel,Manual,Mileage23.9 kmpl,Engine1582 CC,Max Power126.2 bhp,Torque259.9Nm@ 1900-2750rpm,Wheel SizeN/A,Seats5,
213,2017Hyundai Grand i10 1.2 CRDi Sportz Option,hyundai,5.11 Lakh*,2017,Trustmark Dealer,"59,612 kms",First Owner,Diesel,Manual,Mileage24.0 kmpl,Engine1186 CC,Max Power73.97 bhp,Torque190.24nm@ 1750-2250rpm,Wheel Size14,Seats5,
214,2018Hyundai Santro Asta BSIV,hyundai,4.85 Lakh*,2018,Trustmark Dealer,"7,238 kms",First Owner,Petrol,Manual,Variant -  Asta BSIV,Mileage20.3 kmpl,Engine1086 CC,Max Power68 bhp,Torque99Nm@ 4500rpm,Wheel Size14,Seats5
215,2018Hyundai i20 1.2 Asta,hyundai,6.49 Lakh*,2018,Trustmark Dealer,"50,786 kms",First Owner,Petrol,Manual,Mileage18.6 kmpl,Engine1197 CC,Max Power81.83 bhp,Torque114.7Nm@ 4000rpm,Wheel SizeN/A,Seats5,
216,2018Hyundai Xcent 1.2 CRDi S,hyundai,5.8 Lakh*,2018,Individual,"40,000 kms",First Owner,Diesel,Manual,Mileage25.4 kmpl,Engine1186 CC,Max Power73.97 bhp,Torque190.25nm@ 1750-2250rpm,Wheel Size14,Seats5,
217,2016Hyundai Xcent 1.2 Kappa AT SX Option,hyundai,5.35 Lakh*,2016,Dealer,"16,400 kms",First Owner,Petrol,Automatic,Mileage16.9 kmpl,Engine1197 CC,Max Power82 bhp,Torque114Nm@ 4000rpm,Wheel SizeN/A,Seats5,
218,2014Hyundai i10 Magna,hyundai,3.15 Lakh*,2014,Individual,"50,000 kms",First Owner,Petrol,Manual,Mileage20.36 kmpl,Engine1197 CC,Max Power78.9 bhp,Torque111.7Nm@ 4000rpm,Wheel SizeN/A,Seats5,
219,2014Hyundai i10 Magna,hyundai,3.1 Lakh*,2014,Individual,"50,000 kms",First Owner,Petrol,Manual,Mileage20.36 kmpl,Engine1197 CC,Max Power78.9 bhp,Torque111.7Nm@ 4000rpm,Wheel SizeN/A,Seats5,
220,2016Hyundai Grand i10 1.2 Kappa Magna AT,hyundai,4.9 Lakh*,2016,Dealer,"38,573 kms",First Owner,Petrol,Automatic,Mileage18.9 kmpl,Engine1197 CC,Max Power81.86 bhp,Torque113.75nm@ 4000rpm,Wheel Size14,Seats5,
221,2019Hyundai Elite i20 Diesel Asta,hyundai,7.1 Lakh*,2019,Individual,"30,000 kms",First Owner,Diesel,Manual,Mileage22.54 kmpl,Engine1396 CC,Max Power88.76 bhp,Torque219.66nm@ 1500-2750rpm,Wheel SizeN/A,Seats5,
222,2009Hyundai i10 Magna,hyundai,2 Lakh*,2009,Individual,"33,500 kms",First Owner,Petrol,Manual,Mileage20.36 kmpl,Engine1197 CC,Max Power78.9 bhp,Torque111.7Nm@ 4000rpm,Wheel SizeN/A,Seats5,
223,2015Hyundai Verna 1.6 CRDi SX,hyundai,6.45 Lakh*,2015,Individual,"70,000 kms",First Owner,Diesel,Manual,Mileage23.9 kmpl,Engine1582 CC,Max Power126.2 bhp,Torque259.9Nm@ 1900-2750rpm,Wheel SizeN/A,Seats5,
224,2015Hyundai EON Era Plus,hyundai,2.45 Lakh*,2015,Dealer,"50,123 kms",Second Owner,Petrol,Manual,Mileage21.1 kmpl,Engine814 CC,Max Power55.2 bhp,Torque74.5Nm@ 4000rpm,Wheel Size12,Seats5,
225,2008Hyundai i10 Magna(O) with Sun Roof,hyundai,1.91 Lakh*,2008,Dealer,"70,000 kms",First Owner,Petrol,Manual,Mileage16.0 kmpl,Engine1086 CC,Max Power66.7 bhp,"Torque10.1@ 2,800(kgm@ rpm)",Wheel SizeN/A,Seats5,
226,2018Hyundai Grand i10 1.2 Kappa Sportz BSIV,hyundai,5.6 Lakh*,2018,Individual,"25,000 kms",First Owner,Petrol,Manual,Mileage18.9 kmpl,Engine1197 CC,Max Power81.86 bhp,Torque113.75nm@ 4000rpm,Wheel Size14,Seats5,
227,2017Hyundai EON 1.0 Era Plus,hyundai,3.11 Lakh*,2017,Individual,"40,000 kms",First Owner,Petrol,Manual,Mileage20.3 kmpl,Engine998 CC,Max Power68.05 bhp,Torque94.14Nm@ 3500rpm,Wheel Size13,Seats5,
228,2013Hyundai EON D Lite Plus,hyundai,1.9 Lakh*,2013,Individual,"50,000 kms",Second Owner,Petrol,Manual,Mileage21.1 kmpl,Engine814 CC,Max Power55.2 bhp,Torque74.5Nm@ 4000rpm,Wheel Size12,Seats5,
229,2014Hyundai Grand i10 1.2 Kappa Sportz BSIV,hyundai,3.75 Lakh*,2014,Dealer,"46,370 kms",Second Owner,Petrol,Manual,Mileage18.9 kmpl,Engine1197 CC,Max Power81.86 bhp,Torque113.75nm@ 4000rpm,Wheel Size14,Seats5,
230,2014Hyundai Grand i10 CRDi Sportz,hyundai,3.85 Lakh*,2014,Dealer,"1,06,000 kms",Second Owner,Diesel,Manual,Mileage24.0 kmpl,Engine1120 CC,Max Power70 bhp,Torque160Nm@ 1500-2750rpm,Wheel Size14,Seats5,
231,2016Hyundai Verna 1.6 CRDi S,hyundai,6.9 Lakh*,2016,Dealer,"81,000 kms",First Owner,Diesel,Manual,Mileage23.9 kmpl,Engine1582 CC,Max Power126.2 bhp,Torque259.9Nm@ 1900-2750rpm,Wheel Size15,Seats5,
232,2018Hyundai Verna CRDi 1.6 SX,hyundai,10 Lakh*,2018,Individual,"70,000 kms",First Owner,Diesel,Manual,Mileage22.0 kmpl,Engine1582 CC,Max Power126.2 bhp,Torque259.87nm@ 1500-3000rpm,Wheel SizeN/A,Seats5,
233,2017Hyundai EON Magna,hyundai,2.85 Lakh*,2017,Dealer,"43,000 kms",First Owner,Petrol,Manual,Mileage22.0 kmpl,Engine814 CC,Max Power55 bhp,Torque76.5Nm@ 4000rpm,Wheel SizeN/A,Seats5,
234,2011Hyundai Verna 1.6 EX VTVT,hyundai,3.5 Lakh*,2011,Individual,"50,000 kms",Second Owner,Petrol,Manual,Mileage17.01 kmpl,Engine1591 CC,Max Power121.3 bhp,Torque154.9Nm@ 4200rpm,Wheel SizeN/A,Seats5,
235,2012Hyundai i10 Sportz 1.2,hyundai,2.75 Lakh*,2012,Dealer,"49,000 kms",First Owner,Petrol,Manual,Mileage20.36 kmpl,Engine1197 CC,Max Power78.9 bhp,Torque111.8Nm@ 4000rpm,Wheel SizeN/A,Seats5,
236,2015Hyundai Creta 1.4 CRDi S,hyundai,10 Lakh*,2015,Individual,"30,000 kms",First Owner,Diesel,Manual,Mileage21.38 kmpl,Engine1396 CC,Max Power88.7 bhp,Torque219.7Nm@ 1500-2750rpm,Wheel Size16,Seats5,
237,2011Hyundai i10 Magna 1.2 iTech SE,hyundai,1.95 Lakh*,2011,Individual,"70,000 kms",Second Owner,Petrol,Manual,Mileage20.36 kmpl,Engine1197 CC,Max Power78.9 bhp,Torque111.7Nm@ 4000rpm,Wheel SizeN/A,Seats5,
238,2018Hyundai EON Era Plus Sports Edition,hyundai,3.2 Lakh*,2018,Individual,"12,000 kms",First Owner,Petrol,Manual,Mileage21.1 kmpl,Engine814 CC,Max Power55.2 bhp,Torque74.5Nm@ 4000rpm,Wheel Size12,Seats5,
239,2015Hyundai Grand i10 SportZ Edition,hyundai,4.5 Lakh*,2015,Individual,"57,000 kms",First Owner,Petrol,Manual,Mileage18.9 kmpl,Engine1197 CC,Max Power81.86 bhp,Torque113.75Nm@ 4000rpm,Wheel SizeN/A,Seats5,
240,2013Hyundai i10 Magna 1.1,hyundai,2.85 Lakh*,2013,Dealer,"20,600 kms",First Owner,Petrol,Manual,Mileage19.81 kmpl,Engine1086 CC,Max Power68.05 bhp,Torque99.04Nm@ 4500rpm,Wheel Size13,Seats5,
241,2019Hyundai Elite i20 Petrol CVT Magna Executive,hyundai,6 Lakh*,2019,Individual,"5,000 kms",First Owner,Petrol,Automatic,Mileage17.4 kmpl,Engine1197 CC,Max Power81.86 bhp,Torque114.73nm@ 4000rpm,Wheel Size14,Seats5,
242,2019Hyundai Xcent 1.2 VTVT S,hyundai,5.75 Lakh*,2019,Individual,"15,000 kms",First Owner,Petrol,Manual,Mileage20.14 kmpl,Engine1197 CC,Max Power81.86 bhp,Torque113.75nm@ 4000rpm,Wheel Size14,Seats5,
243,2015Hyundai Verna S,hyundai,5.75 Lakh*,2015,Dealer,"65,000 kms",First Owner,Petrol,Manual,Mileage17.7 kmpl,Engine1497 CC,Max Power113.42 bhp,Torque144.15nm@ 4500rpm,Wheel SizeR15,Seats5,
244,2017Hyundai Grand i10 CRDi Sportz Celebration Edition,hyundai,4.98 Lakh*,2017,Individual,"60,000 kms",First Owner,Diesel,Manual,Mileage24.0 kmpl,Engine1120 CC,Max Power70 bhp,Torque160Nm@ 1500-2750rpm,Wheel Size14,Seats5,
245,2015Hyundai i20 Asta 1.2,hyundai,5.5 Lakh*,2015,Individual,"1,20,000 kms",Second Owner,Petrol,Manual,Mileage18.6 kmpl,Engine1197 CC,Max Power81.83 bhp,Torque114.7Nm@ 4000rpm,Wheel SizeN/A,Seats5,
246,2014Hyundai i20 Sportz 1.4 CRDi,hyundai,4.5 Lakh*,2014,Individual,"1,10,000 kms",Second Owner,Diesel,Manual,Variant -  Sportz 1.4 CRDi,Mileage22.54 kmpl,Engine1396 CC,Max Power88.73 bhp,Torque219.7Nm@ 1500-2750rpm,Wheel Size14,Seats5
247,2018Volkswagen Ameo 1.0 MPI Comfortline,Volkswagen,5.59 Lakh*,2018,Trustmark Dealer,"25,511 kms",First Owner,Petrol,Manual,Mileage19.44 kmpl,Engine999 CC,Max Power75 bhp,Torque95Nm@ 3000-4300rpm,Wheel Size15,Seats5,
248,2013Volkswagen Vento 1.5 TDI Comfortline,Volkswagen,4.25 Lakh*,2013,Dealer,"75,000 kms",First Owner,Diesel,Manual,Mileage20.34 kmpl,Engine1498 CC,Max Power103.2 bhp,Torque250Nm@ 1500-2500rpm,Wheel SizeN/A,Seats5,
249,2013Volkswagen Vento Diesel Highline,Volkswagen,4 Lakh*,2013,Dealer,"98,000 kms",First Owner,Diesel,Manual,Mileage20.54 kmpl,Engine1598 CC,Max Power103.6 bhp,Torque250Nm@ 1500-2500rpm,Wheel SizeN/A,Seats5,
250,2015Volkswagen Polo 2015-2019 1.5 TDI Highline,Volkswagen,5.5 Lakh*,2015,Dealer,"60,000 kms",First Owner,Diesel,Manual,Mileage20.14 kmpl,Engine1498 CC,Max Power88 bhp,Torque230Nm@ 1500-2500rpm,Wheel SizeN/A,Seats5,
251,2015Volkswagen Polo 1.2 MPI Trendline,Volkswagen,3.75 Lakh*,2015,Dealer,"71,023 kms",First Owner,Petrol,Manual,Mileage18.78 kmpl,Engine1198 CC,Max Power74 bhp,Torque110Nm@ 3000-4300rpm,Wheel Size14,Seats5,
252,2018Volkswagen Vento 1.5 Highline Plus AT 16 Alloy,Volkswagen,9.9 Lakh*,2018,Dealer,"30,100 kms",First Owner,Diesel,Automatic,Mileage21.5 kmpl,Engine1498 CC,Max Power108.5 bhp,Torque250Nm@ 1500-3000rpm,Wheel SizeN/A,Seats5,
253,2014Volkswagen Polo 1.5 TDI Comfortline,Volkswagen,4.25 Lakh*,2014,Dealer,"60,000 kms",Second Owner,Diesel,Manual,Mileage20.14 kmpl,Engine1498 CC,Max Power88.8 bhp,Torque230Nm@ 1500-2500rpm,Wheel Size15,Seats5,
254,2014Volkswagen Polo 1.2 MPI Highline,Volkswagen,4.4 Lakh*,2014,Dealer,"53,449 kms",First Owner,Petrol,Manual,Mileage16.47 kmpl,Engine1198 CC,Max Power74 bhp,Torque110Nm@ 3750rpm,Wheel SizeN/A,Seats5,
255,2017Volkswagen Ameo 1.2 MPI Highline,Volkswagen,6 Lakh*,2017,Dealer,"8,434 kms",First Owner,Petrol,Manual,Variant -  1.2 MPI Highline,Mileage17.0 kmpl,Engine1198 CC,Max Power73.75 bhp,Torque110Nm@ 3750rpm,Wheel SizeN/A,Seats5
256,2015Volkswagen Vento 1.5 TDI Highline AT,Volkswagen,6.65 Lakh*,2015,Dealer,"81,800 kms",First Owner,Diesel,Automatic,Mileage22.15 kmpl,Engine1498 CC,Max Power108.6 bhp,Torque250Nm@ 1500-3000rpm,Wheel SizeN/A,Seats5,
257,2015Volkswagen Vento 1.5 TDI Highline AT BSIV,Volkswagen,6.65 Lakh*,2015,Dealer,"80,000 kms",First Owner,Diesel,Automatic,Mileage22.15 kmpl,Engine1498 CC,Max Power108.6 bhp,Torque250Nm@ 1500-3000rpm,Wheel SizeN/A,Seats5,
258,2012Volkswagen Polo Diesel Trendline 1.2L,Volkswagen,3 Lakh*,2012,Dealer,"75,000 kms",Second Owner,Diesel,Manual,Mileage22.07 kmpl,Engine1199 CC,Max Power73.9 bhp,Torque180Nm@ 2000rpm,Wheel SizeN/A,Seats5,
259,2013Volkswagen Polo 1.5 TDI Comfortline,Volkswagen,3.35 Lakh*,2013,Dealer,"70,123 kms",Second Owner,Diesel,Manual,Mileage20.14 kmpl,Engine1498 CC,Max Power88.8 bhp,Torque230Nm@ 1500-2500rpm,Wheel Size15,Seats5,
260,2017Volkswagen Polo GT TSI,Volkswagen,7.9 Lakh*,2017,Dealer,"43,866 kms",First Owner,Petrol,Automatic,Mileage17.2 kmpl,Engine1197 CC,Max Power103.6 bhp,Torque175Nm@ 1500-4100rpm,Wheel SizeN/A,Seats5,
261,2016Volkswagen Ameo 1.2 MPI Comfortline Plus,Volkswagen,5.25 Lakh*,2016,Dealer,"55,282 kms",First Owner,Petrol,Manual,Mileage17.0 kmpl,Engine1198 CC,Max Power73.75 bhp,Torque110Nm@ 3750rpm,Wheel Size15,Seats5,
262,2016Volkswagen Polo 1.0 MPI Trendline,Volkswagen,4.35 Lakh*,2016,Dealer,"37,895 kms",First Owner,Petrol,Manual,Mileage17.75 kmpl,Engine999 CC,Max Power75.10 bhp,Torque95Nm@ 2950-3800rpm,Wheel Size14,Seats5,
263,2013Volkswagen Polo 1.0 MPI Comfortline BSIV,Volkswagen,3.65 Lakh*,2013,Dealer,"53,000 kms",Second Owner,Petrol,Manual,Mileage18.78 kmpl,Engine999 CC,Max Power75 bhp,Torque95Nm@ 3000-4300rpm,Wheel SizeN/A,Seats5,
264,2018Volkswagen Ameo 1.0 MPI Comfortline,Volkswagen,6 Lakh*,2018,Individual,"14,800 kms",First Owner,Petrol,Manual,Variant -  1.0 MPI Comfortline,Mileage19.44 kmpl,Engine999 CC,Max Power75 bhp,Torque95Nm@ 3000-4300rpm,Wheel Size15,Seats5
265,2013Volkswagen Polo Diesel Trendline 1.2L,Volkswagen,3.5 Lakh*,2013,Individual,"90,000 kms",First Owner,Diesel,Manual,Mileage22.07 kmpl,Engine1199 CC,Max Power73.9 bhp,Torque180Nm@ 2000rpm,Wheel SizeN/A,Seats5,
266,2011Volkswagen Polo Petrol Trendline 1.2L,Volkswagen,2.6 Lakh*,2011,Dealer,"86,606 kms",First Owner,Petrol,Manual,Mileage16.47 kmpl,Engine1198 CC,Max Power73.9 bhp,Torque110Nm@ 3750rpm,Wheel SizeN/A,Seats5,
267,2013Volkswagen Vento Diesel Comfortline,Volkswagen,4.35 Lakh*,2013,Dealer,"91,000 kms",First Owner,Diesel,Manual,Variant -  Diesel Comfortline,Mileage20.54 kmpl,Engine1598 CC,Max Power103.6 bhp,Torque250Nm@ 1500-2500rpm,Wheel SizeR15,Seats5
268,2016Volkswagen Polo 2015-2019 1.5 TDI Highline,Volkswagen,6 Lakh*,2016,Individual,"90,000 kms",First Owner,Diesel,Manual,Mileage20.14 kmpl,Engine1498 CC,Max Power88 bhp,Torque230Nm@ 1500-2500rpm,Wheel SizeN/A,Seats5,
269,2012Volkswagen Polo Diesel Comfortline 1.2L,Volkswagen,2.6 Lakh*,2012,Individual,"2,00,000 kms",First Owner,Diesel,Manual,Mileage22.07 kmpl,Engine1199 CC,Max Power73.9 bhp,Torque180Nm@ 2000rpm,Wheel SizeN/A,Seats5,
270,2012Volkswagen Polo Diesel Highline 1.2L,Volkswagen,4.35 Lakh*,2012,Individual,"80,000 kms",First Owner,Diesel,Manual,Variant -  Diesel Highline 1.2L,Mileage22.07 kmpl,Engine1199 CC,Max Power73.9 bhp,Torque180Nm@ 2000rpm,Wheel SizeN/A,Seats5
271,2010Volkswagen Vento Petrol Highline,Volkswagen,2.7 Lakh*,2010,Individual,"90,108 kms",Second Owner,Petrol,Manual,Mileage15.04 kmpl,Engine1598 CC,Max Power103.6 bhp,Torque153Nm@ 3800rpm,Wheel SizeN/A,Seats5,
272,2015Volkswagen Polo 1.5 TDI Highline,Volkswagen,5 Lakh*,2015,Dealer,"65,201 kms",First Owner,Diesel,Manual,Mileage20.14 kmpl,Engine1498 CC,Max Power88.8 bhp,Torque230Nm@ 1500-2500rpm,Wheel SizeN/A,Seats5,
273,2020Volkswagen Tiguan 2.0 TDI Highline,Volkswagen,28 Lakh*,2020,Individual,"10,000 kms",First Owner,Diesel,Automatic,Mileage16.65 kmpl,Engine1968 CC,Max Power141 bhp,Torque340Nm@ 1750-2750rpm,Wheel SizeN/A,Seats5,
274,2012Volkswagen Vento 1.6 Highline,Volkswagen,4.25 Lakh*,2012,Dealer,"90,817 kms",First Owner,Petrol,Manual,Mileage15.04 kmpl,Engine1598 CC,Max Power103.2 bhp,Torque153Nm@ 3800rpm,Wheel SizeN/A,Seats5,
275,2011Volkswagen Vento Petrol Trendline,Volkswagen,2.9 Lakh*,2011,Individual,"1,20,000 kms",Second Owner,Petrol,Manual,Mileage15.04 kmpl,Engine1598 CC,Max Power103.6 bhp,Torque153Nm@ 3800rpm,Wheel SizeN/A,Seats5,
276,2015Volkswagen Polo 1.5 TDI Highline,Volkswagen,4.2 Lakh*,2015,Individual,"90,000 kms",Second Owner,Diesel,Manual,Mileage20.14 kmpl,Engine1498 CC,Max Power88.8 bhp,Torque230Nm@ 1500-2500rpm,Wheel SizeN/A,Seats5,
277,2014Ford EcoSport 1.5 TDCi Titanium BSIV,Ford,5.5 Lakh*,2014,Dealer,"78,000 kms",First Owner,Diesel,Manual,Mileage22.77 kmpl,Engine1498 CC,Max Power98.59 bhp,Torque205Nm@ 1750-3250rpm,Wheel SizeN/A,Seats5,
278,2013Ford EcoSport 1.5 Diesel Trend BSIV,Ford,4.9 Lakh*,2013,Dealer,"81,000 kms",First Owner,Diesel,Manual,Mileage23.0 kmpl,Engine1498 CC,Max Power98.96 bhp,Torque205Nm@ 1750-3250rpm,Wheel Size16,Seats5,
279,2014Ford Ecosport 1.5 Diesel Titanium Plus,Ford,6.5 Lakh*,2014,Dealer,"90,000 kms",First Owner,Diesel,Manual,Mileage21.7 kmpl,Engine1498 CC,Max Power98.96 bhp,Torque215Nm@ 1750-2500rpm,Wheel SizeN/A,Seats5,
280,2013Ford Figo Diesel Titanium,Ford,2.7 Lakh*,2013,Dealer,"71,000 kms",Second Owner,Diesel,Manual,Mileage20.0 kmpl,Engine1399 CC,Max Power68.05 bhp,Torque160Nm@ 2000rpm,Wheel SizeN/A,Seats5,
281,2012Ford Figo Diesel ZXI,Ford,2.6 Lakh*,2012,Dealer,"50,000 kms",First Owner,Diesel,Manual,Mileage20.0 kmpl,Engine1399 CC,Max Power68.05 bhp,Torque160Nm@ 2000rpm,Wheel Size14,Seats5,
282,2017Ford Aspire Trend Plus Diesel,Ford,4.75 Lakh*,2017,Dealer,"68,000 kms",First Owner,Diesel,Manual,Mileage26.1 kmpl,Engine1498 CC,Max Power99.23 bhp,Torque215Nm@ 1750-3000rpm,Wheel Size14,Seats5,
283,2016Ford Figo Aspire 1.2 Ti-VCT Ambiente,Ford,4.35 Lakh*,2016,Dealer,"23,000 kms",First Owner,Petrol,Manual,Mileage18.16 kmpl,Engine1196 CC,Max Power86.8 bhp,Torque112Nm@ 4000rpm,Wheel Size14,Seats5,
284,2015Ford Aspire Titanium Diesel BSIV,Ford,6.5 Lakh*,2015,Dealer,"41,785 kms",First Owner,Diesel,Manual,Mileage26.1 kmpl,Engine1498 CC,Max Power99.23 bhp,Torque215Nm@ 1750-3000rpm,Wheel SizeN/A,Seats5,
285,2014Ford Ecosport 1.5 Diesel Ambiente,Ford,4.91 Lakh*,2014,Dealer,"55,000 kms",First Owner,Diesel,Manual,Mileage21.7 kmpl,Engine1498 CC,Max Power98.96 bhp,Torque215Nm@ 1750-2500rpm,Wheel SizeR15,Seats5,
286,2016Ford EcoSport 1.5 TDCi Ambiente BSIV,Ford,5.65 Lakh*,2016,Individual,"70,000 kms",First Owner,Diesel,Manual,Mileage22.77 kmpl,Engine1498 CC,Max Power98.59 bhp,Torque205Nm@ 1750-3250rpm,Wheel Size15,Seats5,
287,2015Ford Fiesta 1.5 TDCi Titanium,Ford,5.6 Lakh*,2015,Individual,"1,10,000 kms",First Owner,Diesel,Manual,Mileage25.01 kmpl,Engine1498 CC,Max Power89.75 bhp,Torque204Nm@ 2000-2750rpm,Wheel SizeN/A,Seats5,
288,2010Ford Figo Diesel Titanium,Ford,2.1 Lakh*,2010,Dealer,"66,123 kms",Second Owner,Diesel,Manual,Mileage20.0 kmpl,Engine1399 CC,Max Power68 bhp,Torque160Nm@ 2000rpm,Wheel SizeN/A,Seats5,
289,2013Ford Ecosport 1.5 Petrol Titanium,Ford,4.35 Lakh*,2013,Dealer,"57,000 kms",First Owner,Petrol,Manual,Mileage15.9 kmpl,Engine1496 CC,Max Power120.69 bhp,Torque149Nm@ 4500rpm,Wheel SizeN/A,Seats5,
290,2013Ford Ecosport 1.5 DV5 MT Ambiente,Ford,4.95 Lakh*,2013,Dealer,"54,230 kms",First Owner,Diesel,Manual,Mileage22.7 kmpl,Engine1498 CC,Max Power89.84 bhp,Torque204Nm@ 2000-2750rpm,Wheel Size15,Seats5,
291,2012Ford Fiesta Classic 1.4 Duratorq CLXI,Ford,2 Lakh*,2012,Individual,"1,20,000 kms",Second Owner,Diesel,Manual,Mileage17.8 kmpl,Engine1399 CC,Max Power67 bhp,Torque160Nm@ 2000rpm,Wheel SizeN/A,Seats5,
292,2014Ford Fiesta 1.5 TDCi Titanium,Ford,4.5 Lakh*,2014,Individual,"83,000 kms",Third Owner,Diesel,Manual,Mileage25.01 kmpl,Engine1498 CC,Max Power89.75 bhp,Torque204Nm@ 2000-2750rpm,Wheel SizeN/A,Seats5,
293,2011Ford Figo Diesel Titanium,Ford,1.85 Lakh*,2011,Individual,"1,30,000 kms",Third Owner,Diesel,Manual,Mileage20.0 kmpl,Engine1399 CC,Max Power68 bhp,Torque160Nm@ 2000rpm,Wheel SizeN/A,Seats5,
294,2016Ford EcoSport 1.5 TDCi Ambiente BSIV,Ford,6.25 Lakh*,2016,Dealer,"75,680 kms",First Owner,Diesel,Manual,Mileage22.77 kmpl,Engine1498 CC,Max Power98.59 bhp,Torque205Nm@ 1750-3250rpm,Wheel Size15,Seats5,
295,2016Ford Ecosport 1.5 DV5 MT Titanium Optional,Ford,7.25 Lakh*,2016,Dealer,"72,500 kms",First Owner,Diesel,Manual,Mileage22.7 kmpl,Engine1498 CC,Max Power89.84 bhp,Torque204Nm@ 2000-2750rpm,Wheel SizeN/A,Seats5,
296,2015Ford EcoSport 1.5 Ti VCT MT Trend BSIV,Ford,6.25 Lakh*,2015,Individual,"74,000 kms",First Owner,Petrol,Manual,Mileage15.85 kmpl,Engine1499 CC,Max Power110.4 bhp,Torque140Nm@ 4400rpm,Wheel Size15,Seats5,
297,2017Ford Figo Aspire 1.2 Ti-VCT Ambiente,Ford,4.99 Lakh*,2017,Individual,"25,000 kms",First Owner,Petrol,Manual,Mileage18.16 kmpl,Engine1196 CC,Max Power86.8 bhp,Torque112Nm@ 4000rpm,Wheel Size14,Seats5,
298,2015Ford Figo Diesel LXI,Ford,3.2 Lakh*,2015,Individual,"1,10,000 kms",Third Owner,Diesel,Manual,Mileage20.0 kmpl,Engine1399 CC,Max Power68.05 bhp,Torque160Nm@ 2000rpm,Wheel Size14,Seats5,
299,2009Ford Endeavour XLT TDCi 4X2 LTD,Ford,5 Lakh*,2009,Individual,"1,76,000 kms",First Owner,Diesel,Manual,Mileage10.9 kmpl,Engine2499 CC,Max Power143 bhp,"Torque33.7@ 1,800(kgm@ rpm)",Wheel SizeN/A,Seats7,
300,2012Ford Figo Diesel ZXI,Ford,2 Lakh*,2012,Individual,"1,10,000 kms",First Owner,Diesel,Manual,Mileage20.0 kmpl,Engine1399 CC,Max Power68 bhp,Torque160Nm@ 2000rpm,Wheel SizeN/A,Seats5,
